{
  "selectivity": {
    "mean": 0.0,
    "median": 0.0,
    "n_highly_selective": 0,
    "n_moderately_selective": 0
  },
  "discriminability": {
    "silhouette_score": 0.0,
    "cluster_purity": 0.1,
    "n_samples": 1000
  },
  "stability": {
    "mean_stability": 1.0000000000000002,
    "std_stability": 2.220446049250313e-16,
    "min_stability": 1.0000000000000004
  },
  "baseline_comparison": {
    "silhouette_score": 0.1921108067035675,
    "reconstruction_error": 0.004888741299510002,
    "n_train": 5000
  },
  "comparison": {
    "local_silhouette": 0.0,
    "baseline_silhouette": 0.1921108067035675,
    "ratio": 0.0
  }
}