{
  "projection_verification": {
    "identity_error": 1.5705046947231733e-14,
    "max_orthogonality_error": 4.367568642390775e-15,
    "max_idempotency_error": 7.051177834282115e-15
  },
  "unity_preservation": {
    "pre_destruction_mean_error": 1.0404994979579802e-15,
    "post_destruction_mean_error": 0.26262003420041835,
    "max_error_ever": 0.4553100231569954,
    "post_recovery_error": 0.25059723669809203
  },
  "mode_selectivity": {
    "accuracy": 0.23042998897464168,
    "n_correct": 209,
    "n_total": 907
  },
  "cross_mode_interference": {
    "mean_switch_stabilization": 11.307692307692308,
    "n_switches": 26
  },
  "mode_destruction": {
    "destroyed_mode": "affect",
    "takeover_distribution": {
      "0": 93
    },
    "recovery_error_trajectory": [
      0.4553100231569954,
      0.39969447737641184,
      0.3665600183389971,
      0.3660407491796013,
      0.36428966685785324,
      0.324989041260718,
      0.317623579379596,
      0.3101695014046025,
      0.29144507032521466,
      0.2778952930147754,
      0.27686972204237303,
      0.2696103086048347,
      0.252965659392377,
      0.2400545326327662,
      0.22957886437171549,
      0.22491125244318452,
      0.24789876618805182,
      0.24733054348009245,
      0.25389082933996004,
      0.25173872664044117
    ],
    "pre_lambdas": [
      0.21031850800780214,
      0.19149718625889273,
      0.21574919635609124,
      0.1879564353472173,
      0.19447867402999675
    ],
    "post_lambdas": [
      0.2915718449401312,
      0.2383264751499049,
      0.010123663756556501,
      0.24035792283192922,
      0.21962009332147836
    ]
  },
  "U_stability": {
    "mean_norm": 0.9999999924971597,
    "std_norm": 2.9064852952937636e-10,
    "pre_norm": 0.9999999923906951,
    "post_norm": 0.9999999926036242
  }
}